Student,Quiz 1
ANDRADE RODRIGUEZ SILVANA,
BUITRAGO MÉNDEZ JUAN ANDRÉS,
CABRERA BARRERO JULIETA,
CAMACHO SALAZAR JULIANA,
CAMERO PERDOMO JOSÉ MIGUEL,
CASTAÑEDA RENGIFO ISABELLA,
CHACÓN RAMÍREZ THOMAS,
CORTES LOSADA ARIADNA VALENTINA,
GOMEZ GONZALEZ AARON,
GRANJA PABÓN THIAGO,
GUEVARA ORTIZ JUAN ÁLVARO,
HERNANDEZ CELEITA MARIA ANTONIA,
MACIAS IBÁÑEZ SAMUEL ANDRÉS,
MOGOLLÓN RODRÍGUEZ MELISSA,
NIÑO GALINDO SAMANTHA VICTORIA,
PATIÑO CLAROS GABRIELA,
RAMOS MORA VALENTINA ESTRELLITA,
RIVERA HERRERA MAYTE,
RUGELES CASTAÑEDA DYLAN THOMAS,
SAAVEDRA OYOLA EIDER IVAN,
SÁNCHEZ LUCUARA CELESTE,
SERRATO MORENO EMILIANO,
TAMAYO CASTAÑEDA SAMUEL,
TORRES SARRIA ANTONELLA,
VÁSQUEZ PEREZ EMILIANO,
YASNO ÁVILA MATIAS,